transaction_id,merchant_name,amount,date,hour,minute,category,payment_status
TXN0001,Sharma Café,66,2025-09-12 07:41:39,7,41,Tea,SUCCESS
TXN0002,Sharma Café,75,2025-09-12 07:59:19,7,59,Coffee,SUCCESS
TXN0003,Sharma Café,95,2025-09-12 08:12:31,8,12,Coffee,SUCCESS
TXN0004,Sharma Café,215,2025-09-12 08:46:22,8,46,Coffee,SUCCESS
TXN0005,Sharma Café,129,2025-09-12 08:56:47,8,56,Coffee,SUCCESS
TXN0006,Sharma Café,378,2025-09-12 09:02:55,9,2,Breakfast,SUCCESS
TXN0007,Sharma Café,179,2025-09-12 09:40:55,9,40,Snacks,SUCCESS
TXN0008,Sharma Café,119,2025-09-12 09:49:50,9,49,Snacks,SUCCESS
TXN0009,Sharma Café,145,2025-09-12 10:30:00,10,30,Snacks,SUCCESS
TXN0010,Sharma Café,249,2025-09-12 10:31:21,10,31,Coffee,SUCCESS
TXN0011,Sharma Café,105,2025-09-12 11:02:15,11,2,Snacks,SUCCESS
TXN0012,Sharma Café,55,2025-09-12 11:41:20,11,41,Coffee,SUCCESS
TXN0013,Sharma Café,315,2025-09-12 12:09:51,12,9,Lunch,SUCCESS
TXN0014,Sharma Café,386,2025-09-12 12:16:43,12,16,Combo,SUCCESS
TXN0015,Sharma Café,455,2025-09-12 12:23:47,12,23,Lunch,SUCCESS
TXN0016,Sharma Café,277,2025-09-12 12:40:03,12,40,Lunch,FAILED
TXN0017,Sharma Café,204,2025-09-12 13:12:13,13,12,Beverage,SUCCESS
TXN0018,Sharma Café,99,2025-09-12 13:13:50,13,13,Combo,SUCCESS
TXN0019,Sharma Café,339,2025-09-12 13:16:58,13,16,Lunch,SUCCESS
TXN0020,Sharma Café,386,2025-09-12 13:36:01,13,36,Lunch,SUCCESS
TXN0021,Sharma Café,279,2025-09-12 14:07:52,14,7,Snacks,SUCCESS
TXN0022,Sharma Café,189,2025-09-12 14:25:03,14,25,Fast Food,REFUNDED
TXN0023,Sharma Café,235,2025-09-12 14:59:01,14,59,Beverage,SUCCESS
TXN0024,Sharma Café,279,2025-09-12 15:40:34,15,40,Coffee,SUCCESS
TXN0025,Sharma Café,59,2025-09-12 15:57:42,15,57,Snacks,SUCCESS
TXN0026,Sharma Café,109,2025-09-12 16:25:53,16,25,Snacks,SUCCESS
TXN0027,Sharma Café,199,2025-09-12 16:55:05,16,55,Beverage,SUCCESS
TXN0028,Sharma Café,184,2025-09-12 17:00:15,17,0,Combo,SUCCESS
TXN0029,Sharma Café,859,2025-09-12 17:33:52,17,33,Coffee,SUCCESS
TXN0030,Sharma Café,397,2025-09-12 17:51:08,17,51,Snacks,SUCCESS
TXN0031,Sharma Café,149,2025-09-12 18:30:26,18,30,Snacks,SUCCESS
TXN0032,Sharma Café,269,2025-09-12 18:36:19,18,36,Snacks,SUCCESS
TXN0033,Sharma Café,415,2025-09-12 18:42:22,18,42,Snacks,SUCCESS
TXN0034,Sharma Café,190,2025-09-12 19:12:44,19,12,Snacks,SUCCESS
TXN0035,Sharma Café,119,2025-09-12 19:13:31,19,13,Coffee,SUCCESS
TXN0036,Sharma Café,229,2025-09-12 19:32:57,19,32,Combo,SUCCESS
TXN0037,Sharma Café,50,2025-09-12 19:47:16,19,47,Snacks,SUCCESS
TXN0038,Sharma Café,227,2025-09-12 20:00:16,20,0,Beverage,SUCCESS
TXN0039,Sharma Café,109,2025-09-12 20:13:14,20,13,Coffee,SUCCESS
TXN0040,Sharma Café,115,2025-09-12 20:59:15,20,59,Beverage,SUCCESS
TXN0041,Sharma Café,149,2025-09-12 21:12:20,21,12,Dessert,SUCCESS
TXN0042,Sharma Café,145,2025-09-12 21:24:35,21,24,Beverage,SUCCESS
TXN0043,Sharma Café,89,2025-09-13 07:16:12,7,16,Combo,SUCCESS
TXN0044,Sharma Café,85,2025-09-13 08:14:31,8,14,Breakfast,SUCCESS
TXN0045,Sharma Café,305,2025-09-13 08:56:48,8,56,Snacks,SUCCESS
TXN0046,Sharma Café,198,2025-09-13 08:59:55,8,59,Combo,SUCCESS
TXN0047,Sharma Café,135,2025-09-13 09:07:18,9,7,Coffee,REFUNDED
TXN0048,Sharma Café,359,2025-09-13 09:08:48,9,8,Breakfast,SUCCESS
TXN0049,Sharma Café,120,2025-09-13 09:11:29,9,11,Breakfast,SUCCESS
TXN0050,Sharma Café,110,2025-09-13 09:21:21,9,21,Snacks,SUCCESS
TXN0051,Sharma Café,128,2025-09-13 10:06:06,10,6,Coffee,SUCCESS
TXN0052,Sharma Café,135,2025-09-13 10:22:57,10,22,Beverage,SUCCESS
TXN0053,Sharma Café,125,2025-09-13 10:45:29,10,45,Coffee,SUCCESS
TXN0054,Sharma Café,49,2025-09-13 11:10:19,11,10,Coffee,SUCCESS
TXN0055,Sharma Café,169,2025-09-13 11:36:19,11,36,Coffee,SUCCESS
TXN0056,Sharma Café,185,2025-09-13 11:52:54,11,52,Tea,SUCCESS
TXN0057,Sharma Café,565,2025-09-13 12:11:52,12,11,Snacks,SUCCESS
TXN0058,Sharma Café,227,2025-09-13 12:36:08,12,36,Snacks,FAILED
TXN0059,Sharma Café,525,2025-09-13 12:38:35,12,38,Lunch,SUCCESS
TXN0060,Sharma Café,285,2025-09-13 12:49:54,12,49,Fast Food,SUCCESS
TXN0061,Sharma Café,806,2025-09-13 13:09:28,13,9,Beverage,SUCCESS
TXN0062,Sharma Café,306,2025-09-13 13:14:38,13,14,Beverage,SUCCESS
TXN0063,Sharma Café,285,2025-09-13 13:27:32,13,27,Lunch,SUCCESS
TXN0064,Sharma Café,167,2025-09-13 13:59:31,13,59,Beverage,SUCCESS
TXN0065,Sharma Café,329,2025-09-13 14:13:15,14,13,Lunch,SUCCESS
TXN0066,Sharma Café,235,2025-09-13 14:24:34,14,24,Lunch,SUCCESS
TXN0067,Sharma Café,427,2025-09-13 14:45:56,14,45,Combo,SUCCESS
TXN0068,Sharma Café,439,2025-09-13 14:52:02,14,52,Lunch,SUCCESS
TXN0069,Sharma Café,129,2025-09-13 15:22:58,15,22,Snacks,SUCCESS
TXN0070,Sharma Café,166,2025-09-13 15:32:50,15,32,Coffee,SUCCESS
TXN0071,Sharma Café,55,2025-09-13 15:55:07,15,55,Coffee,SUCCESS
TXN0072,Sharma Café,165,2025-09-13 16:07:51,16,7,Snacks,SUCCESS
TXN0073,Sharma Café,146,2025-09-13 16:09:41,16,9,Snacks,SUCCESS
TXN0074,Sharma Café,167,2025-09-13 17:03:59,17,3,Fast Food,SUCCESS
TXN0075,Sharma Café,147,2025-09-13 17:38:39,17,38,Snacks,SUCCESS
TXN0076,Sharma Café,205,2025-09-13 17:42:27,17,42,Fast Food,SUCCESS
TXN0077,Sharma Café,180,2025-09-13 18:34:38,18,34,Fast Food,SUCCESS
TXN0078,Sharma Café,225,2025-09-13 18:38:19,18,38,Snacks,SUCCESS
TXN0079,Sharma Café,474,2025-09-13 18:53:06,18,53,Combo,SUCCESS
TXN0080,Sharma Café,277,2025-09-13 18:58:14,18,58,Dessert,SUCCESS
TXN0081,Sharma Café,145,2025-09-13 19:16:47,19,16,Dessert,SUCCESS
TXN0082,Sharma Café,199,2025-09-13 19:20:14,19,20,Coffee,SUCCESS
TXN0083,Sharma Café,149,2025-09-13 19:30:06,19,30,Dessert,SUCCESS
TXN0084,Sharma Café,145,2025-09-13 19:55:10,19,55,Beverage,SUCCESS
TXN0085,Sharma Café,295,2025-09-13 20:09:50,20,9,Snacks,SUCCESS
TXN0086,Sharma Café,209,2025-09-13 20:15:51,20,15,Coffee,SUCCESS
TXN0087,Sharma Café,335,2025-09-13 20:29:34,20,29,Combo,SUCCESS
TXN0088,Sharma Café,505,2025-09-13 20:30:33,20,30,Dessert,FAILED
TXN0089,Sharma Café,99,2025-09-13 21:13:34,21,13,Beverage,SUCCESS
TXN0090,Sharma Café,325,2025-09-13 21:42:24,21,42,Dessert,SUCCESS
TXN0091,Sharma Café,55,2025-09-14 08:38:12,8,38,Breakfast,SUCCESS
TXN0092,Sharma Café,54,2025-09-14 08:51:41,8,51,Combo,SUCCESS
TXN0093,Sharma Café,137,2025-09-14 08:57:17,8,57,Coffee,SUCCESS
TXN0094,Sharma Café,245,2025-09-14 09:28:56,9,28,Coffee,SUCCESS
TXN0095,Sharma Café,230,2025-09-14 09:45:18,9,45,Breakfast,SUCCESS
TXN0096,Sharma Café,155,2025-09-14 09:50:37,9,50,Tea,SUCCESS
TXN0097,Sharma Café,278,2025-09-14 10:27:34,10,27,Snacks,REFUNDED
TXN0098,Sharma Café,246,2025-09-14 10:35:32,10,35,Coffee,SUCCESS
TXN0099,Sharma Café,104,2025-09-14 10:44:57,10,44,Coffee,SUCCESS
TXN0100,Sharma Café,95,2025-09-14 11:10:41,11,10,Coffee,SUCCESS
TXN0101,Sharma Café,109,2025-09-14 11:20:32,11,20,Coffee,SUCCESS
TXN0102,Sharma Café,57,2025-09-14 11:51:26,11,51,Beverage,SUCCESS
TXN0103,Sharma Café,180,2025-09-14 12:00:48,12,0,Combo,SUCCESS
TXN0104,Sharma Café,430,2025-09-14 12:06:25,12,6,Lunch,SUCCESS
TXN0105,Sharma Café,295,2025-09-14 12:08:00,12,8,Fast Food,SUCCESS
TXN0106,Sharma Café,265,2025-09-14 12:12:31,12,12,Combo,SUCCESS
TXN0107,Sharma Café,209,2025-09-14 12:32:01,12,32,Lunch,SUCCESS
TXN0108,Sharma Café,95,2025-09-14 13:12:07,13,12,Snacks,SUCCESS
TXN0109,Sharma Café,328,2025-09-14 13:31:04,13,31,Lunch,SUCCESS
TXN0110,Sharma Café,539,2025-09-14 13:45:19,13,45,Beverage,FAILED
TXN0111,Sharma Café,247,2025-09-14 13:58:23,13,58,Lunch,SUCCESS
TXN0112,Sharma Café,187,2025-09-14 14:36:59,14,36,Lunch,SUCCESS
TXN0113,Sharma Café,379,2025-09-14 14:43:35,14,43,Lunch,SUCCESS
TXN0114,Sharma Café,724,2025-09-14 14:51:14,14,51,Lunch,SUCCESS
TXN0115,Sharma Café,79,2025-09-14 15:36:51,15,36,Tea,SUCCESS
TXN0116,Sharma Café,95,2025-09-14 15:46:43,15,46,Coffee,SUCCESS
TXN0117,Sharma Café,255,2025-09-14 16:16:11,16,16,Beverage,SUCCESS
TXN0118,Sharma Café,84,2025-09-14 16:18:48,16,18,Dessert,SUCCESS
TXN0119,Sharma Café,195,2025-09-14 16:42:58,16,42,Coffee,SUCCESS
TXN0120,Sharma Café,286,2025-09-14 17:31:49,17,31,Combo,SUCCESS
TXN0121,Sharma Café,315,2025-09-14 17:34:51,17,34,Snacks,SUCCESS
TXN0122,Sharma Café,277,2025-09-14 17:59:08,17,59,Beverage,SUCCESS
TXN0123,Sharma Café,329,2025-09-14 18:00:18,18,0,Coffee,SUCCESS
TXN0124,Sharma Café,99,2025-09-14 18:20:07,18,20,Snacks,SUCCESS
TXN0125,Sharma Café,87,2025-09-14 18:43:57,18,43,Snacks,SUCCESS
TXN0126,Sharma Café,79,2025-09-14 19:16:16,19,16,Dessert,SUCCESS
TXN0127,Sharma Café,166,2025-09-14 19:22:10,19,22,Snacks,SUCCESS
TXN0128,Sharma Café,324,2025-09-14 19:33:19,19,33,Combo,SUCCESS
TXN0129,Sharma Café,86,2025-09-14 19:43:36,19,43,Snacks,SUCCESS
TXN0130,Sharma Café,235,2025-09-14 20:17:21,20,17,Coffee,SUCCESS
TXN0131,Sharma Café,208,2025-09-14 20:38:44,20,38,Snacks,SUCCESS
TXN0132,Sharma Café,209,2025-09-14 20:43:40,20,43,Snacks,SUCCESS
TXN0133,Sharma Café,109,2025-09-14 21:10:30,21,10,Beverage,SUCCESS
TXN0134,Sharma Café,95,2025-09-14 21:18:40,21,18,Coffee,SUCCESS
TXN0135,Sharma Café,399,2025-09-15 07:02:40,7,2,Combo,SUCCESS
TXN0136,Sharma Café,55,2025-09-15 07:18:15,7,18,Breakfast,SUCCESS
TXN0137,Sharma Café,298,2025-09-15 08:33:27,8,33,Coffee,SUCCESS
TXN0138,Sharma Café,305,2025-09-15 08:39:51,8,39,Tea,SUCCESS
TXN0139,Sharma Café,106,2025-09-15 09:20:45,9,20,Tea,SUCCESS
TXN0140,Sharma Café,107,2025-09-15 09:48:24,9,48,Coffee,SUCCESS
TXN0141,Sharma Café,105,2025-09-15 10:00:26,10,0,Snacks,SUCCESS
TXN0142,Sharma Café,89,2025-09-15 10:29:10,10,29,Dessert,SUCCESS
TXN0143,Sharma Café,135,2025-09-15 11:15:33,11,15,Snacks,SUCCESS
TXN0144,Sharma Café,139,2025-09-15 12:08:32,12,8,Fast Food,SUCCESS
TXN0145,Sharma Café,359,2025-09-15 12:25:12,12,25,Beverage,SUCCESS
TXN0146,Sharma Café,265,2025-09-15 12:55:48,12,55,Lunch,SUCCESS
TXN0147,Sharma Café,379,2025-09-15 13:02:56,13,2,Fast Food,SUCCESS
TXN0148,Sharma Café,145,2025-09-15 13:24:56,13,24,Lunch,SUCCESS
TXN0149,Sharma Café,228,2025-09-15 13:43:40,13,43,Lunch,SUCCESS
TXN0150,Sharma Café,259,2025-09-15 14:08:42,14,8,Fast Food,SUCCESS
TXN0151,Sharma Café,234,2025-09-15 14:37:31,14,37,Lunch,SUCCESS
TXN0152,Sharma Café,150,2025-09-15 15:59:07,15,59,Tea,SUCCESS
TXN0153,Sharma Café,45,2025-09-15 16:51:13,16,51,Snacks,SUCCESS
TXN0154,Sharma Café,116,2025-09-15 16:52:46,16,52,Beverage,REFUNDED
TXN0155,Sharma Café,87,2025-09-15 17:31:54,17,31,Fast Food,SUCCESS
TXN0156,Sharma Café,154,2025-09-15 17:41:56,17,41,Combo,SUCCESS
TXN0157,Sharma Café,879,2025-09-15 18:01:51,18,1,Dessert,SUCCESS
TXN0158,Sharma Café,85,2025-09-15 18:07:34,18,7,Fast Food,SUCCESS
TXN0159,Sharma Café,188,2025-09-15 18:39:41,18,39,Coffee,SUCCESS
TXN0160,Sharma Café,175,2025-09-15 19:11:03,19,11,Coffee,SUCCESS
TXN0161,Sharma Café,515,2025-09-15 19:19:37,19,19,Dessert,SUCCESS
TXN0162,Sharma Café,89,2025-09-15 19:28:57,19,28,Combo,SUCCESS
TXN0163,Sharma Café,205,2025-09-15 19:29:49,19,29,Dessert,SUCCESS
TXN0164,Sharma Café,175,2025-09-15 20:05:17,20,5,Beverage,SUCCESS
TXN0165,Sharma Café,147,2025-09-15 20:38:05,20,38,Coffee,SUCCESS
TXN0166,Sharma Café,215,2025-09-15 21:40:40,21,40,Dessert,SUCCESS
TXN0167,Sharma Café,95,2025-09-16 07:07:30,7,7,Breakfast,SUCCESS
TXN0168,Sharma Café,65,2025-09-16 08:23:35,8,23,Coffee,SUCCESS
TXN0169,Sharma Café,157,2025-09-16 08:53:12,8,53,Combo,SUCCESS
TXN0170,Sharma Café,318,2025-09-16 09:04:15,9,4,Coffee,SUCCESS
TXN0171,Sharma Café,114,2025-09-16 09:20:35,9,20,Snacks,SUCCESS
TXN0172,Sharma Café,115,2025-09-16 10:06:52,10,6,Coffee,SUCCESS
TXN0173,Sharma Café,199,2025-09-16 10:56:07,10,56,Beverage,SUCCESS
TXN0174,Sharma Café,319,2025-09-16 11:23:11,11,23,Snacks,SUCCESS
TXN0175,Sharma Café,335,2025-09-16 11:45:06,11,45,Coffee,SUCCESS
TXN0176,Sharma Café,218,2025-09-16 12:04:19,12,4,Lunch,SUCCESS
TXN0177,Sharma Café,305,2025-09-16 12:07:59,12,7,Beverage,SUCCESS
TXN0178,Sharma Café,270,2025-09-16 12:21:04,12,21,Lunch,SUCCESS
TXN0179,Sharma Café,324,2025-09-16 13:15:19,13,15,Combo,SUCCESS
TXN0180,Sharma Café,149,2025-09-16 13:49:59,13,49,Lunch,SUCCESS
TXN0181,Sharma Café,305,2025-09-16 13:50:00,13,50,Lunch,SUCCESS
TXN0182,Sharma Café,175,2025-09-16 13:51:50,13,51,Lunch,SUCCESS
TXN0183,Sharma Café,276,2025-09-16 14:27:37,14,27,Beverage,SUCCESS
TXN0184,Sharma Café,239,2025-09-16 14:38:49,14,38,Lunch,SUCCESS
TXN0185,Sharma Café,116,2025-09-16 15:52:05,15,52,Snacks,SUCCESS
TXN0186,Sharma Café,250,2025-09-16 16:05:11,16,5,Tea,SUCCESS
TXN0187,Sharma Café,379,2025-09-16 16:24:46,16,24,Snacks,SUCCESS
TXN0188,Sharma Café,109,2025-09-16 17:06:14,17,6,Beverage,SUCCESS
TXN0189,Sharma Café,494,2025-09-16 17:21:01,17,21,Snacks,SUCCESS
TXN0190,Sharma Café,160,2025-09-16 18:22:44,18,22,Fast Food,SUCCESS
TXN0191,Sharma Café,115,2025-09-16 18:45:26,18,45,Fast Food,SUCCESS
TXN0192,Sharma Café,157,2025-09-16 18:58:15,18,58,Snacks,SUCCESS
TXN0193,Sharma Café,159,2025-09-16 19:01:54,19,1,Combo,SUCCESS
TXN0194,Sharma Café,214,2025-09-16 19:28:15,19,28,Beverage,SUCCESS
TXN0195,Sharma Café,158,2025-09-16 19:47:44,19,47,Coffee,SUCCESS
TXN0196,Sharma Café,64,2025-09-16 19:55:11,19,55,Snacks,SUCCESS
TXN0197,Sharma Café,59,2025-09-16 20:29:14,20,29,Snacks,SUCCESS
TXN0198,Sharma Café,190,2025-09-16 20:47:56,20,47,Combo,SUCCESS
TXN0199,Sharma Café,199,2025-09-16 20:53:11,20,53,Snacks,FAILED
TXN0200,Sharma Café,175,2025-09-16 21:27:20,21,27,Snacks,SUCCESS
TXN0201,Sharma Café,85,2025-09-17 07:12:14,7,12,Tea,SUCCESS
TXN0202,Sharma Café,120,2025-09-17 07:48:31,7,48,Coffee,SUCCESS
TXN0203,Sharma Café,145,2025-09-17 08:21:45,8,21,Breakfast,SUCCESS
TXN0204,Sharma Café,210,2025-09-17 08:43:12,8,43,Coffee,SUCCESS
TXN0205,Sharma Café,95,2025-09-17 09:08:26,9,8,Snacks,SUCCESS
TXN0206,Sharma Café,340,2025-09-17 09:35:47,9,35,Breakfast,SUCCESS
TXN0207,Sharma Café,135,2025-09-17 10:14:09,10,14,Coffee,SUCCESS
TXN0208,Sharma Café,165,2025-09-17 10:49:22,10,49,Beverage,SUCCESS
TXN0209,Sharma Café,75,2025-09-17 11:17:36,11,17,Tea,SUCCESS
TXN0210,Sharma Café,190,2025-09-17 11:43:51,11,43,Snacks,SUCCESS
TXN0211,Sharma Café,315,2025-09-17 12:05:18,12,5,Lunch,SUCCESS
TXN0212,Sharma Café,275,2025-09-17 12:24:39,12,24,Combo,SUCCESS
TXN0213,Sharma Café,420,2025-09-17 12:51:07,12,51,Lunch,SUCCESS
TXN0214,Sharma Café,155,2025-09-17 13:16:25,13,16,Beverage,SUCCESS
TXN0215,Sharma Café,365,2025-09-17 13:42:18,13,42,Lunch,SUCCESS
TXN0216,Sharma Café,225,2025-09-17 14:09:44,14,9,Fast Food,SUCCESS
TXN0217,Sharma Café,180,2025-09-17 14:37:52,14,37,Snacks,SUCCESS
TXN0218,Sharma Café,290,2025-09-17 15:21:36,15,21,Coffee,SUCCESS
TXN0219,Sharma Café,110,2025-09-17 15:48:13,15,48,Tea,SUCCESS
TXN0220,Sharma Café,145,2025-09-17 16:18:29,16,18,Snacks,SUCCESS
TXN0221,Sharma Café,235,2025-09-17 16:52:41,16,52,Beverage,SUCCESS
TXN0222,Sharma Café,175,2025-09-17 17:11:05,17,11,Combo,SUCCESS
TXN0223,Sharma Café,325,2025-09-17 17:44:27,17,44,Fast Food,SUCCESS
TXN0224,Sharma Café,155,2025-09-17 18:13:38,18,13,Snacks,SUCCESS
TXN0225,Sharma Café,285,2025-09-17 18:39:16,18,39,Combo,SUCCESS
TXN0226,Sharma Café,195,2025-09-17 19:07:42,19,7,Coffee,SUCCESS
TXN0227,Sharma Café,245,2025-09-17 19:26:11,19,26,Dessert,SUCCESS
TXN0228,Sharma Café,135,2025-09-17 19:51:28,19,51,Snacks,SUCCESS
TXN0229,Sharma Café,220,2025-09-17 20:18:44,20,18,Beverage,SUCCESS
TXN0230,Sharma Café,310,2025-09-17 20:47:03,20,47,Combo,SUCCESS
TXN0231,Sharma Café,115,2025-09-17 21:21:17,21,21,Dessert,SUCCESS
TXN0232,Sharma Café,175,2025-09-17 21:46:32,21,46,Snacks,SUCCESS
TXN0233,Sharma Café,70,2025-09-18 07:18:24,7,18,Tea,SUCCESS
TXN0234,Sharma Café,105,2025-09-18 07:52:41,7,52,Coffee,SUCCESS
TXN0235,Sharma Café,155,2025-09-18 08:17:35,8,17,Breakfast,SUCCESS
TXN0236,Sharma Café,225,2025-09-18 08:44:19,8,44,Coffee,SUCCESS
TXN0237,Sharma Café,135,2025-09-18 09:06:52,9,6,Snacks,SUCCESS
TXN0238,Sharma Café,295,2025-09-18 09:38:27,9,38,Breakfast,SUCCESS
TXN0239,Sharma Café,125,2025-09-18 10:12:08,10,12,Coffee,SUCCESS
TXN0240,Sharma Café,180,2025-09-18 10:46:33,10,46,Beverage,SUCCESS
TXN0241,Sharma Café,65,2025-09-18 11:09:45,11,9,Tea,SUCCESS
TXN0242,Sharma Café,205,2025-09-18 11:41:16,11,41,Snacks,SUCCESS
TXN0243,Sharma Café,340,2025-09-18 12:04:29,12,4,Lunch,SUCCESS
TXN0244,Sharma Café,260,2025-09-18 12:27:51,12,27,Combo,SUCCESS
TXN0245,Sharma Café,385,2025-09-18 12:55:14,12,55,Lunch,SUCCESS
TXN0246,Sharma Café,145,2025-09-18 13:18:37,13,18,Beverage,SUCCESS
TXN0247,Sharma Café,315,2025-09-18 13:45:22,13,45,Lunch,SUCCESS
TXN0248,Sharma Café,235,2025-09-18 14:11:49,14,11,Fast Food,SUCCESS
TXN0249,Sharma Café,175,2025-09-18 14:39:05,14,39,Snacks,SUCCESS
TXN0250,Sharma Café,115,2025-09-18 15:24:31,15,24,Coffee,SUCCESS
TXN0251,Sharma Café,150,2025-09-18 16:07:18,16,7,Tea,SUCCESS
TXN0252,Sharma Café,215,2025-09-18 16:43:56,16,43,Beverage,SUCCESS
TXN0253,Sharma Café,185,2025-09-18 17:14:27,17,14,Combo,SUCCESS
TXN0254,Sharma Café,145,2025-09-18 17:48:39,17,48,Snacks,SUCCESS
TXN0255,Sharma Café,120,2025-09-18 18:42:15,18,42,Snacks,SUCCESS
TXN0256,Sharma Café,95,2025-09-18 19:31:48,19,31,Coffee,SUCCESS
TXN0257,Sharma Café,110,2025-09-18 20:27:06,20,27,Beverage,SUCCESS
TXN0258,Sharma Café,85,2025-09-18 21:35:22,21,35,Snacks,SUCCESS
TXN0259,Gupta Sweets,91,2025-09-12 08:02:43,08,02,Rasgulla,SUCCESS
TXN0260,Gupta Sweets,231,2025-09-12 10:15:52,10,15,Jalebi,SUCCESS
TXN0261,Gupta Sweets,262,2025-09-12 10:42:11,10,42,Jalebi,SUCCESS
TXN0262,Gupta Sweets,118,2025-09-12 11:41:20,11,41,Jalebi,REFUNDED
TXN0263,Gupta Sweets,282,2025-09-12 11:58:39,11,58,Namkeen,SUCCESS
TXN0264,Gupta Sweets,270,2025-09-12 12:55:53,12,55,Jalebi,SUCCESS
TXN0265,Gupta Sweets,545,2025-09-12 14:03:38,14,03,Namkeen,SUCCESS
TXN0266,Gupta Sweets,166,2025-09-12 16:06:18,16,06,Laddu,SUCCESS
TXN0267,Gupta Sweets,110,2025-09-12 16:44:34,16,44,Samosa,SUCCESS
TXN0268,Gupta Sweets,182,2025-09-12 17:41:42,17,41,Gulab Jamun,SUCCESS
TXN0269,Gupta Sweets,558,2025-09-12 17:48:08,17,48,Peda,SUCCESS
TXN0270,Gupta Sweets,322,2025-09-12 19:35:10,19,35,Namkeen,SUCCESS
TXN0271,Gupta Sweets,156,2025-09-13 08:34:13,08,34,Chaat,SUCCESS
TXN0272,Gupta Sweets,85,2025-09-13 10:25:47,10,25,Namkeen,SUCCESS
TXN0273,Gupta Sweets,257,2025-09-13 10:41:16,10,41,Mithai,SUCCESS
TXN0274,Gupta Sweets,474,2025-09-13 11:20:45,11,20,Barfi,SUCCESS
TXN0275,Gupta Sweets,78,2025-09-13 11:26:06,11,26,Laddu,SUCCESS
TXN0276,Gupta Sweets,67,2025-09-13 12:24:55,12,24,Mithai,SUCCESS
TXN0277,Gupta Sweets,74,2025-09-13 14:20:36,14,20,Mithai,FAILED
TXN0278,Gupta Sweets,280,2025-09-13 16:40:22,16,40,Peda,SUCCESS
TXN0279,Gupta Sweets,390,2025-09-13 16:44:59,16,44,Laddu,SUCCESS
TXN0280,Gupta Sweets,156,2025-09-13 17:50:42,17,50,Barfi,SUCCESS
TXN0281,Gupta Sweets,451,2025-09-13 17:53:47,17,53,Gulab Jamun,SUCCESS
TXN0282,Gupta Sweets,470,2025-09-13 19:10:21,19,10,Chaat,SUCCESS
TXN0283,Gupta Sweets,551,2025-09-14 08:54:45,08,54,Gulab Jamun,SUCCESS
TXN0284,Gupta Sweets,322,2025-09-14 10:26:25,10,26,Samosa,SUCCESS
TXN0285,Gupta Sweets,330,2025-09-14 10:43:45,10,43,Samosa,SUCCESS
TXN0286,Gupta Sweets,470,2025-09-14 11:04:23,11,04,Mithai,FAILED
TXN0287,Gupta Sweets,598,2025-09-14 11:42:04,11,42,Samosa,SUCCESS
TXN0288,Gupta Sweets,221,2025-09-14 12:13:01,12,13,Samosa,SUCCESS
TXN0289,Gupta Sweets,232,2025-09-14 14:35:50,14,35,Namkeen,SUCCESS
TXN0290,Gupta Sweets,218,2025-09-14 16:10:53,16,10,Samosa,SUCCESS
TXN0291,Gupta Sweets,321,2025-09-14 16:41:53,16,41,Namkeen,SUCCESS
TXN0292,Gupta Sweets,412,2025-09-14 17:07:48,17,07,Laddu,SUCCESS
TXN0293,Gupta Sweets,183,2025-09-14 17:19:16,17,19,Namkeen,SUCCESS
TXN0294,Gupta Sweets,287,2025-09-14 19:18:36,19,18,Gulab Jamun,SUCCESS
TXN0295,Gupta Sweets,336,2025-09-15 08:39:54,08,39,Peda,SUCCESS
TXN0296,Gupta Sweets,311,2025-09-15 10:19:54,10,19,Samosa,SUCCESS
TXN0297,Gupta Sweets,147,2025-09-15 10:20:20,10,20,Samosa,SUCCESS
TXN0298,Gupta Sweets,42,2025-09-15 11:00:39,11,00,Jalebi,SUCCESS
TXN0299,Gupta Sweets,354,2025-09-15 11:48:16,11,48,Barfi,SUCCESS
TXN0300,Gupta Sweets,459,2025-09-15 12:15:16,12,15,Barfi,SUCCESS
TXN0301,Gupta Sweets,449,2025-09-15 14:30:42,14,30,Samosa,REFUNDED
TXN0302,Gupta Sweets,215,2025-09-15 16:10:28,16,10,Laddu,SUCCESS
TXN0303,Gupta Sweets,596,2025-09-15 16:29:20,16,29,Gulab Jamun,SUCCESS
TXN0304,Gupta Sweets,134,2025-09-15 17:31:47,17,31,Barfi,SUCCESS
TXN0305,Gupta Sweets,508,2025-09-15 17:37:52,17,37,Chaat,SUCCESS
TXN0306,Gupta Sweets,459,2025-09-15 19:27:59,19,27,Peda,SUCCESS
TXN0307,Gupta Sweets,363,2025-09-16 08:59:56,08,59,Peda,SUCCESS
TXN0308,Gupta Sweets,533,2025-09-16 10:13:00,10,13,Namkeen,SUCCESS
TXN0309,Gupta Sweets,282,2025-09-16 10:27:02,10,27,Gulab Jamun,SUCCESS
TXN0310,Gupta Sweets,500,2025-09-16 11:10:53,11,10,Laddu,SUCCESS
TXN0311,Gupta Sweets,133,2025-09-16 11:50:41,11,50,Laddu,SUCCESS
TXN0312,Gupta Sweets,337,2025-09-16 12:43:05,12,43,Barfi,SUCCESS
TXN0313,Gupta Sweets,52,2025-09-16 14:23:24,14,23,Jalebi,SUCCESS
TXN0314,Gupta Sweets,289,2025-09-16 16:03:20,16,03,Namkeen,SUCCESS
TXN0315,Gupta Sweets,192,2025-09-16 16:18:58,16,18,Jalebi,SUCCESS
TXN0316,Gupta Sweets,431,2025-09-16 17:25:03,17,25,Laddu,SUCCESS
TXN0317,Gupta Sweets,317,2025-09-16 17:30:20,17,30,Gulab Jamun,SUCCESS
TXN0318,Gupta Sweets,126,2025-09-16 19:53:58,19,53,Barfi,SUCCESS
TXN0319,Gupta Sweets,122,2025-09-17 08:53:13,08,53,Chaat,SUCCESS
TXN0320,Gupta Sweets,345,2025-09-17 10:04:40,10,04,Peda,REFUNDED
TXN0321,Gupta Sweets,194,2025-09-17 10:21:11,10,21,Gulab Jamun,SUCCESS
TXN0322,Gupta Sweets,95,2025-09-17 11:11:11,11,11,Laddu,SUCCESS
TXN0323,Gupta Sweets,572,2025-09-17 11:34:50,11,34,Laddu,SUCCESS
TXN0324,Gupta Sweets,222,2025-09-17 12:58:44,12,58,Barfi,SUCCESS
TXN0325,Gupta Sweets,397,2025-09-17 14:59:21,14,59,Jalebi,SUCCESS
TXN0326,Gupta Sweets,317,2025-09-17 16:05:19,16,05,Laddu,SUCCESS
TXN0327,Gupta Sweets,572,2025-09-17 16:58:08,16,58,Peda,SUCCESS
TXN0328,Gupta Sweets,129,2025-09-17 17:37:15,17,37,Mithai,SUCCESS
TXN0329,Gupta Sweets,51,2025-09-17 17:42:46,17,42,Rasgulla,SUCCESS
TXN0330,Gupta Sweets,225,2025-09-17 19:46:44,19,46,Samosa,SUCCESS
TXN0331,Gupta Sweets,229,2025-09-18 08:02:59,08,02,Barfi,SUCCESS
TXN0332,Gupta Sweets,132,2025-09-18 10:07:43,10,07,Barfi,SUCCESS
TXN0333,Gupta Sweets,480,2025-09-18 10:16:15,10,16,Namkeen,SUCCESS
TXN0334,Gupta Sweets,186,2025-09-18 11:24:28,11,24,Gulab Jamun,SUCCESS
TXN0335,Gupta Sweets,136,2025-09-18 11:45:28,11,45,Laddu,SUCCESS
TXN0336,Gupta Sweets,43,2025-09-18 12:27:06,12,27,Jalebi,SUCCESS
TXN0337,Gupta Sweets,339,2025-09-18 14:00:17,14,00,Peda,SUCCESS
TXN0338,Gupta Sweets,90,2025-09-18 16:23:40,16,23,Namkeen,SUCCESS
TXN0339,Gupta Sweets,72,2025-09-18 16:33:11,16,33,Gulab Jamun,SUCCESS
TXN0340,Gupta Sweets,305,2025-09-18 17:26:32,17,26,Laddu,SUCCESS
TXN0341,Gupta Sweets,253,2025-09-18 17:30:25,17,30,Chaat,SUCCESS
TXN0342,Gupta Sweets,197,2025-09-18 19:37:34,19,37,Jalebi,SUCCESS
TXN0343,FreshBite Corner,274,2025-09-12 11:00:02,11,00,Wrap,SUCCESS
TXN0344,FreshBite Corner,143,2025-09-12 12:21:57,12,21,Wrap,SUCCESS
TXN0345,FreshBite Corner,168,2025-09-12 12:41:01,12,41,Pasta,SUCCESS
TXN0346,FreshBite Corner,285,2025-09-12 13:09:09,13,09,Momos,SUCCESS
TXN0347,FreshBite Corner,167,2025-09-12 13:29:15,13,29,Burger,SUCCESS
TXN0348,FreshBite Corner,418,2025-09-12 16:12:03,16,12,Pasta,SUCCESS
TXN0349,FreshBite Corner,335,2025-09-12 18:43:45,18,43,Noodles,SUCCESS
TXN0350,FreshBite Corner,184,2025-09-12 19:04:23,19,04,Pasta,SUCCESS
TXN0351,FreshBite Corner,364,2025-09-12 19:30:28,19,30,Momos,FAILED
TXN0352,FreshBite Corner,359,2025-09-12 20:27:39,20,27,Noodles,SUCCESS
TXN0353,FreshBite Corner,126,2025-09-12 20:34:19,20,34,Pasta,SUCCESS
TXN0354,FreshBite Corner,89,2025-09-12 22:23:09,22,23,Wrap,SUCCESS
TXN0355,FreshBite Corner,91,2025-09-13 11:09:27,11,09,Pizza,SUCCESS
TXN0356,FreshBite Corner,402,2025-09-13 12:15:32,12,15,Fries,SUCCESS
TXN0357,FreshBite Corner,288,2025-09-13 12:25:14,12,25,Fries,SUCCESS
TXN0358,FreshBite Corner,73,2025-09-13 13:21:58,13,21,Sandwich,REFUNDED
TXN0359,FreshBite Corner,394,2025-09-13 13:51:48,13,51,Wrap,SUCCESS
TXN0360,FreshBite Corner,151,2025-09-13 16:47:50,16,47,Burger,SUCCESS
TXN0361,FreshBite Corner,441,2025-09-13 18:08:47,18,08,Momos,SUCCESS
TXN0362,FreshBite Corner,373,2025-09-13 19:11:57,19,11,Sandwich,SUCCESS
TXN0363,FreshBite Corner,263,2025-09-13 19:48:07,19,48,Noodles,SUCCESS
TXN0364,FreshBite Corner,223,2025-09-13 20:57:25,20,57,Momos,SUCCESS
TXN0365,FreshBite Corner,397,2025-09-13 20:58:24,20,58,Wrap,SUCCESS
TXN0366,FreshBite Corner,344,2025-09-13 22:15:54,22,15,Noodles,SUCCESS
TXN0367,FreshBite Corner,380,2025-09-14 11:00:26,11,00,Pizza,SUCCESS
TXN0368,FreshBite Corner,245,2025-09-14 12:18:00,12,18,Wrap,SUCCESS
TXN0369,FreshBite Corner,61,2025-09-14 12:37:51,12,37,Fries,SUCCESS
TXN0370,FreshBite Corner,260,2025-09-14 13:19:37,13,19,Pasta,SUCCESS
TXN0371,FreshBite Corner,255,2025-09-14 13:52:36,13,52,Cold Drink,SUCCESS
TXN0372,FreshBite Corner,184,2025-09-14 16:23:27,16,23,Cold Drink,SUCCESS
TXN0373,FreshBite Corner,190,2025-09-14 18:02:49,18,02,Pasta,SUCCESS
TXN0374,FreshBite Corner,427,2025-09-14 19:27:04,19,27,Burger,SUCCESS
TXN0375,FreshBite Corner,216,2025-09-14 19:58:51,19,58,Pizza,SUCCESS
TXN0376,FreshBite Corner,202,2025-09-14 20:49:38,20,49,Momos,SUCCESS
TXN0377,FreshBite Corner,111,2025-09-14 20:58:21,20,58,Fries,SUCCESS
TXN0378,FreshBite Corner,132,2025-09-14 22:50:33,22,50,Pizza,SUCCESS
TXN0379,FreshBite Corner,400,2025-09-15 11:44:01,11,44,Noodles,SUCCESS
TXN0380,FreshBite Corner,67,2025-09-15 12:00:14,12,00,Shake,SUCCESS
TXN0381,FreshBite Corner,348,2025-09-15 12:02:41,12,02,Burger,SUCCESS
TXN0382,FreshBite Corner,302,2025-09-15 13:27:21,13,27,Shake,SUCCESS
TXN0383,FreshBite Corner,185,2025-09-15 13:49:09,13,49,Burger,SUCCESS
TXN0384,FreshBite Corner,163,2025-09-15 16:24:08,16,24,Pasta,SUCCESS
TXN0385,FreshBite Corner,269,2025-09-15 18:07:01,18,07,Momos,SUCCESS
TXN0386,FreshBite Corner,184,2025-09-15 19:24:29,19,24,Pizza,SUCCESS
TXN0387,FreshBite Corner,235,2025-09-15 19:56:12,19,56,Cold Drink,SUCCESS
TXN0388,FreshBite Corner,83,2025-09-15 20:54:16,20,54,Momos,SUCCESS
TXN0389,FreshBite Corner,222,2025-09-15 20:59:59,20,59,Shake,SUCCESS
TXN0390,FreshBite Corner,252,2025-09-15 22:13:23,22,13,Pizza,SUCCESS
TXN0391,FreshBite Corner,251,2025-09-16 11:48:29,11,48,Fries,SUCCESS
TXN0392,FreshBite Corner,445,2025-09-16 12:19:32,12,19,Shake,SUCCESS
TXN0393,FreshBite Corner,313,2025-09-16 12:29:00,12,29,Pasta,SUCCESS
TXN0394,FreshBite Corner,290,2025-09-16 13:18:21,13,18,Momos,SUCCESS
TXN0395,FreshBite Corner,390,2025-09-16 13:59:34,13,59,Burger,SUCCESS
TXN0396,FreshBite Corner,186,2025-09-16 16:27:17,16,27,Pizza,SUCCESS
TXN0397,FreshBite Corner,63,2025-09-16 18:36:52,18,36,Pizza,SUCCESS
TXN0398,FreshBite Corner,360,2025-09-16 19:22:01,19,22,Cold Drink,SUCCESS
TXN0399,FreshBite Corner,270,2025-09-16 19:56:21,19,56,Pizza,SUCCESS
TXN0400,FreshBite Corner,379,2025-09-16 20:36:46,20,36,Shake,SUCCESS
TXN0401,FreshBite Corner,281,2025-09-16 20:51:01,20,51,Sandwich,SUCCESS
TXN0402,FreshBite Corner,357,2025-09-16 22:00:46,22,00,Pasta,SUCCESS
TXN0403,FreshBite Corner,391,2025-09-17 11:42:22,11,42,Fries,SUCCESS
TXN0404,FreshBite Corner,240,2025-09-17 12:15:50,12,15,Cold Drink,SUCCESS
TXN0405,FreshBite Corner,175,2025-09-17 12:53:31,12,53,Fries,SUCCESS
TXN0406,FreshBite Corner,197,2025-09-17 13:16:45,13,16,Pizza,SUCCESS
TXN0407,FreshBite Corner,263,2025-09-17 13:53:53,13,53,Sandwich,SUCCESS
TXN0408,FreshBite Corner,238,2025-09-17 16:04:58,16,04,Shake,SUCCESS
TXN0409,FreshBite Corner,206,2025-09-17 18:45:38,18,45,Fries,SUCCESS
TXN0410,FreshBite Corner,156,2025-09-17 19:24:09,19,24,Pasta,SUCCESS
TXN0411,FreshBite Corner,61,2025-09-17 19:27:55,19,27,Pizza,SUCCESS
TXN0412,FreshBite Corner,167,2025-09-17 20:03:30,20,03,Pasta,SUCCESS
TXN0413,FreshBite Corner,147,2025-09-17 20:48:25,20,48,Momos,SUCCESS
TXN0414,FreshBite Corner,159,2025-09-17 22:49:42,22,49,Shake,SUCCESS
TXN0415,FreshBite Corner,378,2025-09-18 11:02:43,11,02,Noodles,SUCCESS
TXN0416,FreshBite Corner,311,2025-09-18 12:14:56,12,14,Noodles,SUCCESS
TXN0417,FreshBite Corner,250,2025-09-18 12:34:38,12,34,Wrap,SUCCESS
TXN0418,FreshBite Corner,433,2025-09-18 13:14:14,13,14,Pizza,SUCCESS
TXN0419,FreshBite Corner,257,2025-09-18 13:45:10,13,45,Wrap,SUCCESS
TXN0420,FreshBite Corner,417,2025-09-18 16:52:04,16,52,Sandwich,SUCCESS
TXN0421,FreshBite Corner,249,2025-09-18 18:02:59,18,02,Burger,SUCCESS
TXN0422,FreshBite Corner,146,2025-09-18 19:36:41,19,36,Fries,SUCCESS
TXN0423,FreshBite Corner,216,2025-09-18 19:58:36,19,58,Cold Drink,SUCCESS
TXN0424,FreshBite Corner,323,2025-09-18 20:25:59,20,25,Shake,SUCCESS
TXN0425,FreshBite Corner,290,2025-09-18 20:58:22,20,58,Cold Drink,SUCCESS
TXN0426,FreshBite Corner,109,2025-09-18 22:36:29,22,36,Sandwich,SUCCESS
